version,learning_rate,batch_size,dropout,weight_decay,rnn_type,hidden_size,num_layers,use_clinical_data,"f1_t
",f1_Accuracy,f1_AUC,f1_Precision,f1_Recall,f1_Specificity,f1_F1,"j_t
",j_Accuracy,j_AUC,j_Precision,j_Recall,j_Specificity,j_F1,"roc_t
",roc_Accuracy,roc_AUC,roc_Precision,roc_Recall,roc_Specificity,roc_F1
0,1e-05,1,0.1,0.001,gru,128,1,True,0.0,0.1111111119389534,0.5,0.1111111119389534,1.0,0.0,0.20000000298023224,0.2671392261981964,0.6388888955116272,0.578125,0.1538461595773697,0.5,0.65625,0.23529411852359772,0.2671392261981964,0.6388888955116272,0.578125,0.1538461595773697,0.5,0.65625,0.23529411852359772
1,1e-05,1,0.1,0.001,gru,128,1,True,0.3499999940395355,0.8333333134651184,0.578125,0.25,0.25,0.90625,0.25,0.36969882249832153,0.8888888955116272,0.5,,0.0,1.0,,0.36969882249832153,0.8888888955116272,0.5,,0.0,1.0,
2,1e-05,2,0.1,0.001,gru,128,1,True,0.3499999940395355,0.8055555820465088,0.453125,0.0,0.0,0.90625,,0.19620758295059204,0.4444444477558136,0.578125,0.13636364042758942,0.75,0.40625,0.23076923191547394,0.21827277541160583,0.6111111044883728,0.5625,0.1428571492433548,0.5,0.625,0.2222222238779068
3,1e-05,2,0.1,0.001,gru,128,1,True,0.25,0.5,0.5,0.1111111119389534,0.5,0.5,0.1818181872367859,0.2580535113811493,0.5,0.5,0.1111111119389534,0.5,0.5,0.1818181872367859,0.2580535113811493,0.5,0.5,0.1111111119389534,0.5,0.5,0.1818181872367859
